{"displayWidth":510.0,"displayHeight":285.0,"offsetX":0.0,"offsetY":50.0,"angleZ":180.0,"distance":250.0,"calibX":0.9906232357025147,"calibY":1.0,"min":0.0010000000474974514,"max":1.0,"center":0.5}